<?xml version="1.0" encoding="UTF-8"?>
<beans xmlns="http://www.springframework.org/schema/beans"
	xmlns:xsi="http://www.w3.org/2001/XMLSchema-instance"
	xmlns:context="http://www.springframework.org/schema/context"
	xmlns:tx="http://www.springframework.org/schema/tx"
	xsi:schemaLocation="http://www.springframework.org/schema/beans http://www.springframework.org/schema/beans/spring-beans-4.3.xsd
		http://www.springframework.org/schema/context http://www.springframework.org/schema/context/spring-context-4.3.xsd
		http://www.springframework.org/schema/tx http://www.springframework.org/schema/tx/spring-tx-4.3.xsd">

	<bean id="dataSource" class="org.springframework.jdbc.datasource.DriverManagerDataSource" >
	      <property name="driverClassName" value="org.postgresql.Driver" />
	      <property name="url" value="jdbc:postgresql://127.0.0.1:5432/pg_scrumm" />
	      <property name="username" value="postgres" />
	      <property name="password" value="jhusseth1971" />
	</bean>

	<bean id="entityManagerFactory" class="org.springframework.orm.jpa.LocalEntityManagerFactoryBean">
		<property name="persistenceUnitName" value="Taller4-Final"/>
	</bean>
	<bean id="transactionManager" class="org.springframework.orm.jpa.JpaTransactionManager">
		<property name="entityManagerFactory" ref="entityManagerFactory"/>
		<property name="dataSource" ref="dataSource"></property>
	</bean>
	
	<tx:annotation-driven transaction-manager="transactionManager" />
	<context:component-scan base-package="com.icesi.taller4.dao" scoped-proxy="interfaces" />
	
	
</beans>